{
    "input_folder": {
        "foreground_mean": {
            "Dice": 0.6626957565092664,
            "FN": 422.38397435897446,
            "FP": 299.161858974359,
            "IoU": 0.5713844866816536,
            "TN": 38592502.09423077,
            "TP": 2101.3016025641027,
            "n_pred": 2400.4634615384616,
            "n_ref": 2523.6855769230774
        },
        "mean": {
            "1": {
                "Dice": 0.8673104975876275,
                "FN": 393.4583333333333,
                "FP": 218.04583333333332,
                "IoU": 0.7749924850762184,
                "TN": 38592469.358333334,
                "TP": 2244.079166666667,
                "n_pred": 2462.125,
                "n_ref": 2637.5375
            },
            "10": {
                "Dice": 0.640278393341023,
                "FN": 68.9625,
                "FP": 30.129166666666666,
                "IoU": 0.5227282347425807,
                "TN": 38595097.458333336,
                "TP": 128.39166666666668,
                "n_pred": 158.52083333333334,
                "n_ref": 197.35416666666666
            },
            "11": {
                "Dice": 0.7362314635970327,
                "FN": 646.725,
                "FP": 415.64166666666665,
                "IoU": 0.6202287753300588,
                "TN": 38592329.1,
                "TP": 1933.475,
                "n_pred": 2349.116666666667,
                "n_ref": 2580.2
            },
            "12": {
                "Dice": 0.7410130017957622,
                "FN": 613.6208333333333,
                "FP": 396.54583333333335,
                "IoU": 0.6271751198969228,
                "TN": 38592390.4375,
                "TP": 1924.3375,
                "n_pred": 2320.883333333333,
                "n_ref": 2537.9583333333335
            },
            "15": {
                "Dice": 0.17327436877577157,
                "FN": 73.47916666666667,
                "FP": 29.870833333333334,
                "IoU": 0.1406407514698344,
                "TN": 38595184.99166667,
                "TP": 36.6,
                "n_pred": 66.47083333333333,
                "n_ref": 110.07916666666667
            },
            "2": {
                "Dice": 0.7608548907399154,
                "FN": 388.7583333333333,
                "FP": 216.64583333333334,
                "IoU": 0.6627981550974539,
                "TN": 38593210.52916667,
                "TP": 1509.0083333333334,
                "n_pred": 1725.6541666666667,
                "n_ref": 1897.7666666666667
            },
            "3": {
                "Dice": 0.7605638589720048,
                "FN": 393.43333333333334,
                "FP": 220.49583333333334,
                "IoU": 0.667155524443334,
                "TN": 38593121.92916667,
                "TP": 1589.0833333333333,
                "n_pred": 1809.5791666666667,
                "n_ref": 1982.5166666666667
            },
            "4": {
                "Dice": 0.8167578302912247,
                "FN": 873.6458333333334,
                "FP": 796.3208333333333,
                "IoU": 0.7411417976561343,
                "TN": 38586308.541666664,
                "TP": 7346.433333333333,
                "n_pred": 8142.754166666667,
                "n_ref": 8220.079166666666
            },
            "5": {
                "Dice": 0.6888637158252222,
                "FN": 492.725,
                "FP": 346.7083333333333,
                "IoU": 0.5756156814052721,
                "TN": 38593116.2375,
                "TP": 1369.2708333333333,
                "n_pred": 1715.9791666666667,
                "n_ref": 1861.9958333333334
            },
            "6": {
                "Dice": 0.8043160121484534,
                "FN": 894.2,
                "FP": 805.5833333333334,
                "IoU": 0.7302673469302348,
                "TN": 38586160.4375,
                "TP": 7464.720833333334,
                "n_pred": 8270.304166666667,
                "n_ref": 8358.920833333334
            },
            "7": {
                "Dice": 0.6846850394355093,
                "FN": 512.0791666666667,
                "FP": 344.8,
                "IoU": 0.5735759601516905,
                "TN": 38593052.34583333,
                "TP": 1415.7166666666667,
                "n_pred": 1760.5166666666667,
                "n_ref": 1927.7958333333333
            },
            "8": {
                "Dice": 0.46417956974801394,
                "FN": 75.69166666666666,
                "FP": 38.733333333333334,
                "IoU": 0.3890564946949657,
                "TN": 38595027.4875,
                "TP": 183.02916666666667,
                "n_pred": 221.7625,
                "n_ref": 258.72083333333336
            },
            "9": {
                "Dice": 0.4767161923629019,
                "FN": 64.2125,
                "FP": 29.583333333333332,
                "IoU": 0.40262199996679665,
                "TN": 38595058.37083333,
                "TP": 172.775,
                "n_pred": 202.35833333333332,
                "n_ref": 236.9875
            }
        }
    },
    "postprocessed": {
        "foreground_mean": {
            "Dice": 0.6630421958535713,
            "FN": 427.1352564102564,
            "FP": 288.4958333333334,
            "IoU": 0.5726608298930606,
            "TN": 38592512.76025641,
            "TP": 2096.5503205128207,
            "n_pred": 2385.0461538461536,
            "n_ref": 2523.6855769230774
        },
        "mean": {
            "1": {
                "Dice": 0.8675299815744142,
                "FN": 393.75416666666666,
                "FP": 216.96666666666667,
                "IoU": 0.7753161198193536,
                "TN": 38592470.4375,
                "TP": 2243.7833333333333,
                "n_pred": 2460.75,
                "n_ref": 2637.5375
            },
            "10": {
                "Dice": 0.640278393341023,
                "FN": 68.9625,
                "FP": 30.129166666666666,
                "IoU": 0.5227282347425807,
                "TN": 38595097.458333336,
                "TP": 128.39166666666668,
                "n_pred": 158.52083333333334,
                "n_ref": 197.35416666666666
            },
            "11": {
                "Dice": 0.7362314635970327,
                "FN": 646.725,
                "FP": 415.64166666666665,
                "IoU": 0.6202287753300588,
                "TN": 38592329.1,
                "TP": 1933.475,
                "n_pred": 2349.116666666667,
                "n_ref": 2580.2
            },
            "12": {
                "Dice": 0.7410130017957622,
                "FN": 613.6208333333333,
                "FP": 396.54583333333335,
                "IoU": 0.6271751198969228,
                "TN": 38592390.4375,
                "TP": 1924.3375,
                "n_pred": 2320.883333333333,
                "n_ref": 2537.9583333333335
            },
            "15": {
                "Dice": 0.17327436877577157,
                "FN": 73.47916666666667,
                "FP": 29.870833333333334,
                "IoU": 0.1406407514698344,
                "TN": 38595184.99166667,
                "TP": 36.6,
                "n_pred": 66.47083333333333,
                "n_ref": 110.07916666666667
            },
            "2": {
                "Dice": 0.7608548907399154,
                "FN": 388.7583333333333,
                "FP": 216.64583333333334,
                "IoU": 0.6627981550974539,
                "TN": 38593210.52916667,
                "TP": 1509.0083333333334,
                "n_pred": 1725.6541666666667,
                "n_ref": 1897.7666666666667
            },
            "3": {
                "Dice": 0.7632986467007208,
                "FN": 405.73333333333335,
                "FP": 171.14166666666668,
                "IoU": 0.6758157892233609,
                "TN": 38593171.28333333,
                "TP": 1576.7833333333333,
                "n_pred": 1747.925,